rank,asin_id,cat_id,asin_url
1,B014I8SSD0,172456,https://www.amazon.com/dp/B014I8SSD0
2,B07PHSF8DP,172456,https://www.amazon.com/dp/B07PHSF8DP
3,B08412PTS8,172456,https://www.amazon.com/dp/B08412PTS8
4,B08GYKNCCP,172456,https://www.amazon.com/dp/B08GYKNCCP
5,B08412HXK9,172456,https://www.amazon.com/dp/B08412HXK9
6,B0000AE67M,172456,https://www.amazon.com/dp/B0000AE67M
7,B01GGKYKQM,172456,https://www.amazon.com/dp/B01GGKYKQM
8,B07CVX3516,172456,https://www.amazon.com/dp/B07CVX3516
9,B082F5ZLS5,172456,https://www.amazon.com/dp/B082F5ZLS5
10,B0BGSDTZVF,172456,https://www.amazon.com/dp/B0BGSDTZVF
11,B0B1ZK4X4J,172456,https://www.amazon.com/dp/B0B1ZK4X4J
12,B079JLY5M5,172456,https://www.amazon.com/dp/B079JLY5M5
13,B09D7NN6YZ,172456,https://www.amazon.com/dp/B09D7NN6YZ
14,B00N2VILDM,172456,https://www.amazon.com/dp/B00N2VILDM
15,B015OW3M1W,172456,https://www.amazon.com/dp/B015OW3M1W
16,B01BYKUI9C,172456,https://www.amazon.com/dp/B01BYKUI9C
17,B08Y1G3KRX,172456,https://www.amazon.com/dp/B08Y1G3KRX
18,B00WR23X5I,172456,https://www.amazon.com/dp/B00WR23X5I
19,B0BGX7GXJP,172456,https://www.amazon.com/dp/B0BGX7GXJP
20,B084131T6G,172456,https://www.amazon.com/dp/B084131T6G
21,B00NH11KIK,172456,https://www.amazon.com/dp/B00NH11KIK
22,B087Z5WDJ2,172456,https://www.amazon.com/dp/B087Z5WDJ2
23,B082T6DHB6,172456,https://www.amazon.com/dp/B082T6DHB6
24,B00WJDWGA8,172456,https://www.amazon.com/dp/B00WJDWGA8
25,B088NRLMPV,172456,https://www.amazon.com/dp/B088NRLMPV
26,B000UXZQ42,172456,https://www.amazon.com/dp/B000UXZQ42
27,B07N3G1P55,172456,https://www.amazon.com/dp/B07N3G1P55
28,B0836GXKKB,172456,https://www.amazon.com/dp/B0836GXKKB
29,B0B8CJRPTW,172456,https://www.amazon.com/dp/B0B8CJRPTW
30,B07N3FYTW5,172456,https://www.amazon.com/dp/B07N3FYTW5
31,B08412TYML,172456,https://www.amazon.com/dp/B08412TYML
32,B0101S7K6C,172456,https://www.amazon.com/dp/B0101S7K6C
33,B089DM4KDW,172456,https://www.amazon.com/dp/B089DM4KDW
34,B01BYKV7I8,172456,https://www.amazon.com/dp/B01BYKV7I8
35,B01MQ5Z080,172456,https://www.amazon.com/dp/B01MQ5Z080
36,B09X7FXHVJ,172456,https://www.amazon.com/dp/B09X7FXHVJ
37,B003H2GBM4,172456,https://www.amazon.com/dp/B003H2GBM4
38,B00WR23VRI,172456,https://www.amazon.com/dp/B00WR23VRI
39,B071YHCML6,172456,https://www.amazon.com/dp/B071YHCML6
40,B09QL8B3YF,172456,https://www.amazon.com/dp/B09QL8B3YF
41,B005EJH6Z4,172456,https://www.amazon.com/dp/B005EJH6Z4
42,B01AV8PPOQ,172456,https://www.amazon.com/dp/B01AV8PPOQ
43,B06ZY9LP74,172456,https://www.amazon.com/dp/B06ZY9LP74
44,B07KXQX3S3,172456,https://www.amazon.com/dp/B07KXQX3S3
45,B085TFF7M1,172456,https://www.amazon.com/dp/B085TFF7M1
46,B082Z1YYRK,172456,https://www.amazon.com/dp/B082Z1YYRK
47,B07FCMKK5X,172456,https://www.amazon.com/dp/B07FCMKK5X
48,B0B3GQVKPN,172456,https://www.amazon.com/dp/B0B3GQVKPN
49,B088FSHMQ3,172456,https://www.amazon.com/dp/B088FSHMQ3
50,B07WPTG7NX,172456,https://www.amazon.com/dp/B07WPTG7NX
51,B07M6Y7355,172456,https://www.amazon.com/dp/B07M6Y7355
52,B07DC5PPFV,172456,https://www.amazon.com/dp/B07DC5PPFV
53,B01B6QGJ42,172456,https://www.amazon.com/dp/B01B6QGJ42
54,B07THJGZ9Z,172456,https://www.amazon.com/dp/B07THJGZ9Z
55,B087213LB3,172456,https://www.amazon.com/dp/B087213LB3
56,B07CPS16L4,172456,https://www.amazon.com/dp/B07CPS16L4
57,B08NM2GF2V,172456,https://www.amazon.com/dp/B08NM2GF2V
58,B0B1PR3TMD,172456,https://www.amazon.com/dp/B0B1PR3TMD
59,B07T5SY43L,172456,https://www.amazon.com/dp/B07T5SY43L
60,B081VHSB2V,172456,https://www.amazon.com/dp/B081VHSB2V
61,B07MCYDD62,172456,https://www.amazon.com/dp/B07MCYDD62
62,B071Y72MNW,172456,https://www.amazon.com/dp/B071Y72MNW
63,B01BYKD628,172456,https://www.amazon.com/dp/B01BYKD628
64,B08J4HJ98L,172456,https://www.amazon.com/dp/B08J4HJ98L
65,B09X7CRKRZ,172456,https://www.amazon.com/dp/B09X7CRKRZ
66,B07232M876,172456,https://www.amazon.com/dp/B07232M876
67,B072BYGKZZ,172456,https://www.amazon.com/dp/B072BYGKZZ
68,B09TQXKWST,172456,https://www.amazon.com/dp/B09TQXKWST
69,B00SW9JI9A,172456,https://www.amazon.com/dp/B00SW9JI9A
70,B09B1GXM16,172456,https://www.amazon.com/dp/B09B1GXM16
71,B07MK5DG9V,172456,https://www.amazon.com/dp/B07MK5DG9V
72,B082T6K8XX,172456,https://www.amazon.com/dp/B082T6K8XX
73,B00L1G7LBI,172456,https://www.amazon.com/dp/B00L1G7LBI
74,B076FPGWNZ,172456,https://www.amazon.com/dp/B076FPGWNZ
75,B06X6H2WF7,172456,https://www.amazon.com/dp/B06X6H2WF7
76,B08FBJYWTJ,172456,https://www.amazon.com/dp/B08FBJYWTJ
77,B01H6GUCCQ,172456,https://www.amazon.com/dp/B01H6GUCCQ
78,B09JR4B7TG,172456,https://www.amazon.com/dp/B09JR4B7TG
79,B01644VWZM,172456,https://www.amazon.com/dp/B01644VWZM
80,B005EJH6RW,172456,https://www.amazon.com/dp/B005EJH6RW
81,B00006HTZ0,172456,https://www.amazon.com/dp/B00006HTZ0
82,B01BYKV8FK,172456,https://www.amazon.com/dp/B01BYKV8FK
83,B07QLXC6QR,172456,https://www.amazon.com/dp/B07QLXC6QR
84,B00L1G7K50,172456,https://www.amazon.com/dp/B00L1G7K50
85,B075X7TFY5,172456,https://www.amazon.com/dp/B075X7TFY5
86,B0BG5N2BP1,172456,https://www.amazon.com/dp/B0BG5N2BP1
87,B00E58RQ4Q,172456,https://www.amazon.com/dp/B00E58RQ4Q
88,B07DVCGX7G,172456,https://www.amazon.com/dp/B07DVCGX7G
89,B074L9L5KZ,172456,https://www.amazon.com/dp/B074L9L5KZ
90,B01BYKEEFQ,172456,https://www.amazon.com/dp/B01BYKEEFQ
91,B085VT1VJT,172456,https://www.amazon.com/dp/B085VT1VJT
92,B0722C491T,172456,https://www.amazon.com/dp/B0722C491T
93,B00QXT5T3U,172456,https://www.amazon.com/dp/B00QXT5T3U
94,B07LF72431,172456,https://www.amazon.com/dp/B07LF72431
95,B08Y999HBF,172456,https://www.amazon.com/dp/B08Y999HBF
96,B09DV56338,172456,https://www.amazon.com/dp/B09DV56338
97,B09G5TSGXV,172456,https://www.amazon.com/dp/B09G5TSGXV
98,B087Z6LSHW,172456,https://www.amazon.com/dp/B087Z6LSHW
99,B09JW2194D,172456,https://www.amazon.com/dp/B09JW2194D
100,B09LCJPZ1P,172456,https://www.amazon.com/dp/B09LCJPZ1P
1,B07CRG94G3,193870011,https://www.amazon.com/dp/B07CRG94G3
2,B07MJW5BXZ,193870011,https://www.amazon.com/dp/B07MJW5BXZ
3,B0795DP124,193870011,https://www.amazon.com/dp/B0795DP124
4,B08HN37XC1,193870011,https://www.amazon.com/dp/B08HN37XC1
5,B07MFZXR1B,193870011,https://www.amazon.com/dp/B07MFZXR1B
6,B07CRG7BBH,193870011,https://www.amazon.com/dp/B07CRG7BBH
7,B07VS8QCXC,193870011,https://www.amazon.com/dp/B07VS8QCXC
8,B07MFZY2F2,193870011,https://www.amazon.com/dp/B07MFZY2F2
9,B08QBJ2YMG,193870011,https://www.amazon.com/dp/B08QBJ2YMG
10,B08RK2SR23,193870011,https://www.amazon.com/dp/B08RK2SR23
11,B08GTYFC37,193870011,https://www.amazon.com/dp/B08GTYFC37
12,B08QB93S6R,193870011,https://www.amazon.com/dp/B08QB93S6R
13,B0143UM4TC,193870011,https://www.amazon.com/dp/B0143UM4TC
14,B079D3D8NR,193870011,https://www.amazon.com/dp/B079D3D8NR
15,B0874XN4D8,193870011,https://www.amazon.com/dp/B0874XN4D8
16,B09HKDQ1RN,193870011,https://www.amazon.com/dp/B09HKDQ1RN
17,B09ZYQ84CM,193870011,https://www.amazon.com/dp/B09ZYQ84CM
18,B08RSML1B8,193870011,https://www.amazon.com/dp/B08RSML1B8
19,B07DLRG9VH,193870011,https://www.amazon.com/dp/B07DLRG9VH
20,B09QV692XY,193870011,https://www.amazon.com/dp/B09QV692XY
21,B08QBMD6P4,193870011,https://www.amazon.com/dp/B08QBMD6P4
22,B06W55K9N6,193870011,https://www.amazon.com/dp/B06W55K9N6
23,B01N0TQPQB,193870011,https://www.amazon.com/dp/B01N0TQPQB
24,B08C7BGV3D,193870011,https://www.amazon.com/dp/B08C7BGV3D
25,B07ZPLM1R1,193870011,https://www.amazon.com/dp/B07ZPLM1R1
26,B01N5IB20Q,193870011,https://www.amazon.com/dp/B01N5IB20Q
27,B08V83JZH4,193870011,https://www.amazon.com/dp/B08V83JZH4
28,B08166SLDF,193870011,https://www.amazon.com/dp/B08166SLDF
29,B07RW6Z692,193870011,https://www.amazon.com/dp/B07RW6Z692
30,B07H2RR55Q,193870011,https://www.amazon.com/dp/B07H2RR55Q
31,B07CG2PGY6,193870011,https://www.amazon.com/dp/B07CG2PGY6
32,B07CRGSR16,193870011,https://www.amazon.com/dp/B07CRGSR16
33,B07YD579WM,193870011,https://www.amazon.com/dp/B07YD579WM
34,B078211KBB,193870011,https://www.amazon.com/dp/B078211KBB
35,B09JHKSNNG,193870011,https://www.amazon.com/dp/B09JHKSNNG
36,B08C511GQH,193870011,https://www.amazon.com/dp/B08C511GQH
37,B011F7W3LU,193870011,https://www.amazon.com/dp/B011F7W3LU
38,B0B7CKZGN6,193870011,https://www.amazon.com/dp/B0B7CKZGN6
39,B07KQ1T158,193870011,https://www.amazon.com/dp/B07KQ1T158
40,B07X41PWTY,193870011,https://www.amazon.com/dp/B07X41PWTY
41,B084JPFKQ5,193870011,https://www.amazon.com/dp/B084JPFKQ5
42,B08GLX7TNT,193870011,https://www.amazon.com/dp/B08GLX7TNT
43,B07L9BDY3T,193870011,https://www.amazon.com/dp/B07L9BDY3T
44,B08SQRF8MJ,193870011,https://www.amazon.com/dp/B08SQRF8MJ
45,B07VTFN6HM,193870011,https://www.amazon.com/dp/B07VTFN6HM
46,B0B25LQQPC,193870011,https://www.amazon.com/dp/B0B25LQQPC
47,B01D8KOZF4,193870011,https://www.amazon.com/dp/B01D8KOZF4
48,B07VNTFHD5,193870011,https://www.amazon.com/dp/B07VNTFHD5
49,B09VCHQHZ6,193870011,https://www.amazon.com/dp/B09VCHQHZ6
50,B08C4Z69LN,193870011,https://www.amazon.com/dp/B08C4Z69LN
51,B0B7CMZ3QH,193870011,https://www.amazon.com/dp/B0B7CMZ3QH
52,B0BCF54SR1,193870011,https://www.amazon.com/dp/B0BCF54SR1
53,B092L9GF5N,193870011,https://www.amazon.com/dp/B092L9GF5N
54,B0B4SWQ39Y,193870011,https://www.amazon.com/dp/B0B4SWQ39Y
55,B01EV70C78,193870011,https://www.amazon.com/dp/B01EV70C78
56,B096SQK922,193870011,https://www.amazon.com/dp/B096SQK922
57,B09NCNF2ZQ,193870011,https://www.amazon.com/dp/B09NCNF2ZQ
58,B014W3EM2W,193870011,https://www.amazon.com/dp/B014W3EM2W
59,B091J3NYVF,193870011,https://www.amazon.com/dp/B091J3NYVF
60,B09VCJ2SHD,193870011,https://www.amazon.com/dp/B09VCJ2SHD
61,B0713WPGLL,193870011,https://www.amazon.com/dp/B0713WPGLL
62,B08R5JPTMZ,193870011,https://www.amazon.com/dp/B08R5JPTMZ
63,B08W8DGK3X,193870011,https://www.amazon.com/dp/B08W8DGK3X
64,B09V1KJ3J4,193870011,https://www.amazon.com/dp/B09V1KJ3J4
65,B002CQU14A,193870011,https://www.amazon.com/dp/B002CQU14A
66,B09QV5KJHV,193870011,https://www.amazon.com/dp/B09QV5KJHV
67,B09ZYPTXS4,193870011,https://www.amazon.com/dp/B09ZYPTXS4
68,B0874XWW23,193870011,https://www.amazon.com/dp/B0874XWW23
69,B0B7CKVCCV,193870011,https://www.amazon.com/dp/B0B7CKVCCV
70,B09FPJL1KY,193870011,https://www.amazon.com/dp/B09FPJL1KY
71,B00IRV005E,193870011,https://www.amazon.com/dp/B00IRV005E
72,B003J5JB12,193870011,https://www.amazon.com/dp/B003J5JB12
73,B0145WDNF2,193870011,https://www.amazon.com/dp/B0145WDNF2
74,B07RS11M1T,193870011,https://www.amazon.com/dp/B07RS11M1T
75,B00ODDE33U,193870011,https://www.amazon.com/dp/B00ODDE33U
76,B08GV4YYV7,193870011,https://www.amazon.com/dp/B08GV4YYV7
77,B07Q3DLCJ4,193870011,https://www.amazon.com/dp/B07Q3DLCJ4
78,B09VLK9W3S,193870011,https://www.amazon.com/dp/B09VLK9W3S
79,B09VDLH5M6,193870011,https://www.amazon.com/dp/B09VDLH5M6
80,B08K3S6WJM,193870011,https://www.amazon.com/dp/B08K3S6WJM
81,B09BC44T8K,193870011,https://www.amazon.com/dp/B09BC44T8K
82,B08R5W27JS,193870011,https://www.amazon.com/dp/B08R5W27JS
83,B08G1NSG7F,193870011,https://www.amazon.com/dp/B08G1NSG7F
84,B07B4G19X3,193870011,https://www.amazon.com/dp/B07B4G19X3
85,B0BBWH1R8H,193870011,https://www.amazon.com/dp/B0BBWH1R8H
86,B08VH8R94B,193870011,https://www.amazon.com/dp/B08VH8R94B
87,B07RM39V5F,193870011,https://www.amazon.com/dp/B07RM39V5F
88,B07Y87YHRH,193870011,https://www.amazon.com/dp/B07Y87YHRH
89,B07YD5TK4F,193870011,https://www.amazon.com/dp/B07YD5TK4F
90,B07ZGJVTZK,193870011,https://www.amazon.com/dp/B07ZGJVTZK
91,B0B1NRGDQ4,193870011,https://www.amazon.com/dp/B0B1NRGDQ4
92,B016498CK0,193870011,https://www.amazon.com/dp/B016498CK0
93,B08ZD81HDR,193870011,https://www.amazon.com/dp/B08ZD81HDR
94,B07D1XCKWW,193870011,https://www.amazon.com/dp/B07D1XCKWW
95,B0BRZ9XTDZ,193870011,https://www.amazon.com/dp/B0BRZ9XTDZ
96,B09VLHR4JC,193870011,https://www.amazon.com/dp/B09VLHR4JC
97,B07ZV2CJL2,193870011,https://www.amazon.com/dp/B07ZV2CJL2
98,B011K4XZQ0,193870011,https://www.amazon.com/dp/B011K4XZQ0
99,B08RX4QKXS,193870011,https://www.amazon.com/dp/B08RX4QKXS
100,B09QVPCJN2,193870011,https://www.amazon.com/dp/B09QVPCJN2
1,B015CH1PJU,1292110011,https://www.amazon.com/dp/B015CH1PJU
2,B07CRG94G3,1292110011,https://www.amazon.com/dp/B07CRG94G3
3,B07D7PDLXC,1292110011,https://www.amazon.com/dp/B07D7PDLXC
4,B082ZGHXK8,1292110011,https://www.amazon.com/dp/B082ZGHXK8
5,B08HN37XC1,1292110011,https://www.amazon.com/dp/B08HN37XC1
6,B07MFZXR1B,1292110011,https://www.amazon.com/dp/B07MFZXR1B
7,B07CRG7BBH,1292110011,https://www.amazon.com/dp/B07CRG7BBH
8,B07VS8QCXC,1292110011,https://www.amazon.com/dp/B07VS8QCXC
9,B07MFZY2F2,1292110011,https://www.amazon.com/dp/B07MFZY2F2
10,B09WB2RPS4,1292110011,https://www.amazon.com/dp/B09WB2RPS4
11,B08QBJ2YMG,1292110011,https://www.amazon.com/dp/B08QBJ2YMG
12,B08RK2SR23,1292110011,https://www.amazon.com/dp/B08RK2SR23
13,B08GTYFC37,1292110011,https://www.amazon.com/dp/B08GTYFC37
14,B08QB93S6R,1292110011,https://www.amazon.com/dp/B08QB93S6R
15,B01EZ0X55C,1292110011,https://www.amazon.com/dp/B01EZ0X55C
16,B079D3D8NR,1292110011,https://www.amazon.com/dp/B079D3D8NR
17,B0874XN4D8,1292110011,https://www.amazon.com/dp/B0874XN4D8
18,B09HKDQ1RN,1292110011,https://www.amazon.com/dp/B09HKDQ1RN
19,B09ZYQ84CM,1292110011,https://www.amazon.com/dp/B09ZYQ84CM
20,B08RSML1B8,1292110011,https://www.amazon.com/dp/B08RSML1B8
21,B07857Y17V,1292110011,https://www.amazon.com/dp/B07857Y17V
22,B09QV692XY,1292110011,https://www.amazon.com/dp/B09QV692XY
23,B08HSS37H7,1292110011,https://www.amazon.com/dp/B08HSS37H7
24,B08QBMD6P4,1292110011,https://www.amazon.com/dp/B08QBMD6P4
25,B09K7FBSHM,1292110011,https://www.amazon.com/dp/B09K7FBSHM
26,B06W55K9N6,1292110011,https://www.amazon.com/dp/B06W55K9N6
27,B01N0TQPQB,1292110011,https://www.amazon.com/dp/B01N0TQPQB
28,B01N5IB20Q,1292110011,https://www.amazon.com/dp/B01N5IB20Q
29,B06XC1WGQR,1292110011,https://www.amazon.com/dp/B06XC1WGQR
30,B08V83JZH4,1292110011,https://www.amazon.com/dp/B08V83JZH4
31,B06XG9XP49,1292110011,https://www.amazon.com/dp/B06XG9XP49
32,B0B61DGG18,1292110011,https://www.amazon.com/dp/B0B61DGG18
33,B07H2RR55Q,1292110011,https://www.amazon.com/dp/B07H2RR55Q
34,B0BQLJTYLL,1292110011,https://www.amazon.com/dp/B0BQLJTYLL
35,B07CRGSR16,1292110011,https://www.amazon.com/dp/B07CRGSR16
36,B07YD579WM,1292110011,https://www.amazon.com/dp/B07YD579WM
37,B078211KBB,1292110011,https://www.amazon.com/dp/B078211KBB
38,B09JHKSNNG,1292110011,https://www.amazon.com/dp/B09JHKSNNG
39,B0B7CKZGN6,1292110011,https://www.amazon.com/dp/B0B7CKZGN6
40,B09DSMYXWL,1292110011,https://www.amazon.com/dp/B09DSMYXWL
41,B07LGLQT11,1292110011,https://www.amazon.com/dp/B07LGLQT11
42,B07X41PWTY,1292110011,https://www.amazon.com/dp/B07X41PWTY
43,B08GLX7TNT,1292110011,https://www.amazon.com/dp/B08GLX7TNT
44,B015CH1GTO,1292110011,https://www.amazon.com/dp/B015CH1GTO
45,B07VTFN6HM,1292110011,https://www.amazon.com/dp/B07VTFN6HM
46,B0B25LQQPC,1292110011,https://www.amazon.com/dp/B0B25LQQPC
47,B0BDDJS5PR,1292110011,https://www.amazon.com/dp/B0BDDJS5PR
48,B07VNTFHD5,1292110011,https://www.amazon.com/dp/B07VNTFHD5
49,B09GW86W6Y,1292110011,https://www.amazon.com/dp/B09GW86W6Y
50,B0B7CMZ3QH,1292110011,https://www.amazon.com/dp/B0B7CMZ3QH
51,B0B4SWQ39Y,1292110011,https://www.amazon.com/dp/B0B4SWQ39Y
52,B0BNDG2MQN,1292110011,https://www.amazon.com/dp/B0BNDG2MQN
53,B08THG1DHQ,1292110011,https://www.amazon.com/dp/B08THG1DHQ
54,B0BM93N9PW,1292110011,https://www.amazon.com/dp/B0BM93N9PW
55,B0BPXTVVW6,1292110011,https://www.amazon.com/dp/B0BPXTVVW6
56,B0713WPGLL,1292110011,https://www.amazon.com/dp/B0713WPGLL
57,B0998WHY69,1292110011,https://www.amazon.com/dp/B0998WHY69
58,B08KHY5NTR,1292110011,https://www.amazon.com/dp/B08KHY5NTR
59,B015CH1NAQ,1292110011,https://www.amazon.com/dp/B015CH1NAQ
60,B07TMNRM9M,1292110011,https://www.amazon.com/dp/B07TMNRM9M
61,B09QV5KJHV,1292110011,https://www.amazon.com/dp/B09QV5KJHV
62,B09ZYPTXS4,1292110011,https://www.amazon.com/dp/B09ZYPTXS4
63,B0874XWW23,1292110011,https://www.amazon.com/dp/B0874XWW23
64,B0B7CKVCCV,1292110011,https://www.amazon.com/dp/B0B7CKVCCV
65,B00IRV005E,1292110011,https://www.amazon.com/dp/B00IRV005E
66,B00JES3MO0,1292110011,https://www.amazon.com/dp/B00JES3MO0
67,B081QSHG1K,1292110011,https://www.amazon.com/dp/B081QSHG1K
68,B003J5JB12,1292110011,https://www.amazon.com/dp/B003J5JB12
69,B08GV4YYV7,1292110011,https://www.amazon.com/dp/B08GV4YYV7
70,B09VLK9W3S,1292110011,https://www.amazon.com/dp/B09VLK9W3S
71,B07T4J6X1N,1292110011,https://www.amazon.com/dp/B07T4J6X1N
72,B08K3S6WJM,1292110011,https://www.amazon.com/dp/B08K3S6WJM
73,B087ZCBWFH,1292110011,https://www.amazon.com/dp/B087ZCBWFH
74,B01LW2NKPZ,1292110011,https://www.amazon.com/dp/B01LW2NKPZ
75,B0BHWGMPZ2,1292110011,https://www.amazon.com/dp/B0BHWGMPZ2
76,B07B4G19X3,1292110011,https://www.amazon.com/dp/B07B4G19X3
77,B0BBWH1R8H,1292110011,https://www.amazon.com/dp/B0BBWH1R8H
78,B08VH8R94B,1292110011,https://www.amazon.com/dp/B08VH8R94B
79,B07YD5TK4F,1292110011,https://www.amazon.com/dp/B07YD5TK4F
80,B08HSQP37L,1292110011,https://www.amazon.com/dp/B08HSQP37L
81,B07ZGJVTZK,1292110011,https://www.amazon.com/dp/B07ZGJVTZK
82,B016498CK0,1292110011,https://www.amazon.com/dp/B016498CK0
83,B0BRZ9XTDZ,1292110011,https://www.amazon.com/dp/B0BRZ9XTDZ
84,B09VLHR4JC,1292110011,https://www.amazon.com/dp/B09VLHR4JC
85,B07YYJL21Z,1292110011,https://www.amazon.com/dp/B07YYJL21Z
86,B08RX4QKXS,1292110011,https://www.amazon.com/dp/B08RX4QKXS
87,B09QVPCJN2,1292110011,https://www.amazon.com/dp/B09QVPCJN2
88,B08Y1Q2KSZ,1292110011,https://www.amazon.com/dp/B08Y1Q2KSZ
89,B07Y5VDNT9,1292110011,https://www.amazon.com/dp/B07Y5VDNT9
90,B091FS79T8,1292110011,https://www.amazon.com/dp/B091FS79T8
91,B0786QNS9B,1292110011,https://www.amazon.com/dp/B0786QNS9B
92,B07VSPL8FJ,1292110011,https://www.amazon.com/dp/B07VSPL8FJ
93,B0BTM7J4J3,1292110011,https://www.amazon.com/dp/B0BTM7J4J3
94,B09PTM4QNH,1292110011,https://www.amazon.com/dp/B09PTM4QNH
95,B083ZS4HYD,1292110011,https://www.amazon.com/dp/B083ZS4HYD
96,B0B4SQB1HY,1292110011,https://www.amazon.com/dp/B0B4SQB1HY
97,B07BPKKTGL,1292110011,https://www.amazon.com/dp/B07BPKKTGL
98,B0BDTC589G,1292110011,https://www.amazon.com/dp/B0BDTC589G
99,B00TKFCYP0,1292110011,https://www.amazon.com/dp/B00TKFCYP0
100,B07D7P4SY4,1292110011,https://www.amazon.com/dp/B07D7P4SY4
